{
  "metadata": {
    "name": "Box Truyện Tranh",
    "author": "Cá mụp cắn cáp",
    "version": 2,
    "source": "https://truyentranhdammyhay.com/",
    "regexp": "(www.)?truyentranhdammyhay.com/[^/].+/?$",
    "description": "Box truyện tranh đổi tên miền thành truyentranhdammyhay.com",
    "local": "vi-VN",
    "language": "javascript",
    "type": "comic"
  },
  "script": {
    "home": "home.js",
    "genre": "genre.js",
    "detail": "detail.js",
    "search": "search.js",
    "toc": "toc.js",
    "chap": "chap.js"
  }
}