{
  "metadata": {
    "name": "Feiszw.com",
    "author": "Cá mụp cắn cáp",
    "version": 9,
    "source": "https://www.feiazw.com/",
    "regexp": "(www.)?(feiazw|feiszw).com/Html/(\\d+)/index.html|(www.)?(m.)?(feiazw|feiszw).com/book-(\\d+)/?",
    "description": "Đọc truyện tiếng trung",
    "local": "zh_CN",
    "language": "javascript",
    "type": "chinese_novel"
  },
  "script": {
    "home": "home.js",
    "detail": "detail.js",
    "search": "search.js",
    "toc": "toc.js",
    "chap": "chap.js"
  }
}