{
  "metadata": {
    "name": "Feiszw.com",
    "author": "Cá mụp cắn cáp",
    "version": 2,
    "source": "https://www.feiszw.com/",
    "regexp": "(www.)?(m.)?feiszw.com/Html/(\\d+)/index.html",
    "description": "Mô tả",
    "local": "ch-CN",
    "language": "javascript",
    "type": "chinese_novel"
  },
  "script": {
    "home": "home.js",
    "genre": "genre.js",
    "detail": "detail.js",
    "search": "search.js",
    "toc": "toc.js",
    "chap": "chap.js"
  }
}