{
  "metadata": {
    "name": "Kocr .Net",
    "author": "Cá mụp cắn cáp",
    "version": 2,
    "source": "https://kocr.net/",
    "regexp": "(www.)?kocr.net/bl/[^/].+/?",
    "description": "Đam mỹ, đam mỹ everywhere\n Fix code app mới",
    "local": "vi-VN",
    "language": "javascript",
    "type": "comic"
  },
  "script": {
    "home": "home.js",
    "genre": "genre.js",
    "detail": "detail.js",
    "search": "search.js",
    "toc": "toc.js",
    "chap": "chap.js"
  }
}