{
  "metadata": {
    "name": "Yushuwuy",
    "author": "Cá mụp cắn cáp",
    "version": 1,
    "source": "https://yushuwuy.com",
    "regexp": "https://yushuwuy.com/read/\\d+.html",
    "description": "Đọc truyện tại yushuwuy.com",
    "local": "vi-VN",
    "language": "javascript",
    "type": "chinese_novel"
  },
  "script": {
    "home": "home.js",
    //"genre": "genre.js",
    "detail": "detail.js",
    //"search": "search.js",
    "toc": "toc.js",
    "chap": "chap.js"
  }
}