{
  "metadata": {
    "name": "TruyenKK",
    "author": "Cá mụp cắn cáp",
    "version": 5,
    "source": "https://truyenkk1.com/",
    "regexp": "(www.)?truyenkk1.com/truyen/[^/]+/?$",
    "description": "Truyện chữ, truyện tranh tùm lum...",
    "local": "vi-VN",
    "language": "javascript",
    "type": "comic",
    "tag" : "nsfw"
  },
  "script": {
    "home": "home.js",
    "genre": "genre.js",
    "detail": "detail.js",
    "search": "search.js",
    "toc": "toc.js",
    "chap": "chap.js"
  }
}