{
  "metadata": {
    "name": "Mangaxy.com",
    "author": "Cá mụp cắn cáp",
    "version": 1,
    "source": "https://mangaxy.com",
    "regexp": "(www.)?mangaxy.com/[^/]+$",
    "description": "Đọc truyện tại https://mangaxy.com",
    "local": "vi-VN",
    "language": "javascript",
    "type": "comic"
  },
  "script": {
    "home": "home.js",
    "genre": "genre.js",
    "detail": "detail.js",
    "search": "search.js",
    "toc": "toc.js",
    "chap": "chap.js"
  }
}