{
  "metadata": {
    "name": "Otakusan",
    "author": "Cá mụp cắn cáp",
    "version": 3,
    "source": "https://otakusan.net/",
    "regexp": "https://otakusan.net/manga-detail/(\\d+)/[0-9a-z].+$",
    "description": "Fix lỗi get mục lục",
    "local": "vi-VN",
    "language": "javascript",
    "type": "comic"
  },
  "script": {
    "home": "home.js",
    "genre": "genre.js",
    "detail": "detail.js",
    "search": "search.js",
    "toc": "toc.js",
    "chap": "chap.js"
  }
}