{
  "metadata": {
    "name": "Truyện 210",
    "author": "Cá Mụp Cắn Cáp",
    "version": 2,
    "source": "https://truyen210.net/",
    "regexp": "(www.)?truyen210.net/[^.]+.html",
    "description": "Nhiều truyện adult quá...",
    "local": "vi-VN",
    "language": "javascript",
    "type": "comic",
    "tag": "nsfw"
  },
  "script": {
    "home": "home.js",
    "genre": "genre.js",
    "detail": "detail.js",
    "search": "search.js",
    "toc": "toc.js",
    "chap": "chap.js"
  }
}