{
  "metadata": {
    "name": "xklxsw",
    "author": "Cá Mụp Cắn Cáp",
    "version": 1,
    "source": "https://www.xklxsw.com/",
    "regexp": "(www.)?xklxsw.com\/(hot.+html|list.+html|book\/\d+\/)",
    "description": "Support Nhocconsr",
    "local": "vi-VN",
    "language": "javascript",
    "type": "Chinese_novel"
  },
  "script": {
    "home": "home.js",
    "genre": "genre.js",
    "detail": "detail.js",
    "search": "search.js",
    "toc": "toc.js",
    "chap": "chap.js"
  }
}