{
  "metadata": {
    "name": "xklxsw",
    "author": "Cá Mụp Cắn Cáp",
    "version": 1,
    "source": "https://www.xklxsw.com/",
    //"regexp": "(www.)?xklxsw.com\/(hot-[0-9a-z].html|list-[0-9a-z].html|book\/(\\d+)\/)",
    "regexp": "(www.)?xklxsw.com/book/(\\d+)/$)",
    "description": "Support Nhocconsr, change reg",
    "local": "vi-VN",
    "language": "javascript",
    "type": "chinese_novel"
  },
  "script": {
    "home": "home.js",
    //"genre": "genre.js",
    "detail": "detail.js",
    //"search": "search.js",
    "toc": "toc.js",
    "chap": "chap.js"
  }
}